task,arm,rep,cost_usd,wall_s,turns,hidden_passed,hidden_failed,plan_complete,is_error
medium,A,1,0.4041,,20,9,0,True,False
medium,A,2,0.4855,,23,9,0,True,False
medium,A,3,0.4224,,27,9,0,True,False
medium,C,1,0.0538,,6,9,0,True,False
medium,C,2,0.0703,,9,9,0,True,False
medium,C,3,0.0354,,3,9,0,True,False
small,A,1,0.3237,,19,2,0,True,False
small,B,1,0.2398,,23,2,0,True,False
small,C,1,0.0364,,3,2,0,True,False
large,C,1,0.0966,91.0,12,0,1,False,False
large,A,1,0.5076,120.1,29,15,0,True,False
large,A,1,0.4333,99.5,29,15,0,True,False
large,C,1,0.0641,198.7,7,15,1,False,False
large,C,1,0.0305,199.3,2,15,0,True,False
large_lego,A,1,0.8333,304.7,43,24,0,True,False
large_lego,C,1,0.1228,619.6,7,24,0,True,False
large,A,101,0.5171,59.9,19,15,0,True,False,0.1353,CLEAN
large,A,102,0.2624,58.3,15,15,0,True,False,0.1351,CLEAN
large,C,101,0.1206,205.0,19,15,0,True,False,0.1391,CLEAN
large,C,102,0.0595,224.5,7,15,0,True,False,0.1644,CLEAN
large,D,104,0.0366,233.3,3,15,0,True,False,0.1644,CLEAN
large,D,105,0.0386,268.2,3,15,0,True,False,0.1306,CLEAN
crm,A,1,0.7033,102.8,29,0,1,True,False,0.1568,CLEAN
crm,A,2,1.2488,226.1,48,37,0,True,False,0.1935,CLEAN
