task,arm,rep,stage,stage_usd,cum_usd,main_input,main_cache_write,main_cache_read,main_output,main_usd_est,ctx_end_tokens,compactions,planner_runs,planner_input,planner_cache_write,planner_cache_read,planner_output,planner_usd_est,exec_input,exec_output,exec_cache_read,retries,rate_limit_waits,plan_min,build_min,verify_min,stage_min,cum_min,stage_passed,stage_failed,all_passed,all_failed,note
shop,K,1,1,0.19966360000000002,0.19966360000000002,0,0,0,0,0.0,0,0,1,944,29343,207373,3992,0.19966360000000002,51831,1922,158065,1,0,0.7,1.03,1.18,2.91,2.91,8,0,8,0,
shop,K,1,2,0.277117,0.4767806,0,0,0,0,0.0,0,0,1,954,21798,422090,10459,0.277117,58320,5517,427089,2,0,1.92,1.01,1.03,3.96,6.87,1,7,9,7,
shop,K,2,1,0.14617519999999998,0.14617519999999998,0,0,0,0,0.0,0,0,1,944,17719,216536,3109,0.14617519999999998,49791,3367,206297,0,0,0.56,1.73,0.0,2.29,2.29,8,0,8,0,
shop,K,2,2,0.1931496,0.3393248,0,0,0,0,0.0,0,0,1,946,18736,287223,5986,0.1931496,116095,6903,516538,1,0,1.01,2.88,0.9,4.79,7.08,8,0,16,0,
shop,PURE,1,1,0.48742479999999994,0.48742479999999994,22,76685,668839,4588,0.4864317999999999,76687,0,0,0,0,0,0,0.0,0,0,0,0,0,0.0,1.46,0.0,1.46,1.46,8,0,8,0,
shop,K,3,1,0.205127,0.205127,0,0,0,0,0.0,0,0,1,944,23244,237520,6375,0.205127,50269,3745,236589,0,0,1.26,1.23,0.0,2.49,2.49,8,0,8,0,
shop,PURE,1,2,0.7570896,1.2445144,56,26294,2470858,15763,0.7570896,102981,0,0,0,0,0,0,0.0,0,0,0,0,0,0.0,3.64,0.0,3.64,5.1,8,0,16,0,
shop,PURE,1,3,0.44297400000000003,1.6874883999999999,28,13554,1537860,8113,0.44297400000000003,116535,0,0,0,0,0,0,0.0,0,0,0,0,0,0.0,1.5,0.0,1.5,6.6,12,0,28,0,
shop,K,3,2,0.26546220000000004,0.47058920000000004,0,0,0,0,0.0,0,0,1,958,20381,475116,8799,0.26546220000000004,81706,5378,519446,1,0,1.27,3.17,0.0,4.44,6.93,8,0,16,0,
shop,PURE,1,4,1.0145492,2.7020375999999997,64,20695,4070206,11760,1.0145492,137230,0,0,0,0,0,0,0.0,0,0,0,0,0,0.0,2.21,0.0,2.21,8.81,10,0,38,0,
shop,K,3,3,0.214021,0.6846102000000001,0,0,0,0,0.0,0,0,1,948,20037,317890,6939,0.214021,65232,4857,368379,0,0,1.08,2.34,0.0,3.42,10.35,12,0,28,0,
shop,PURE,1,5,1.4140564000000002,4.116094,66,34937,5207982,23258,1.4140563999999998,172167,0,0,0,0,0,0,0.0,0,0,0,0,0,0.0,3.49,0.0,3.49,12.3,13,0,51,0,
shop,K,3,4,0.16739500000000002,0.8520052,0,0,0,0,0.0,0,0,1,946,16268,271760,4707,0.16739500000000002,55402,4788,487466,0,0,0.72,2.7,0.0,3.42,13.77,10,0,38,0,
shop,PURE,1,6,0.7685911999999999,4.8846852,34,14574,3066686,9689,0.7685911999999999,186741,0,0,0,0,0,0,0.0,0,0,0,0,0,0.0,1.91,0.0,1.91,14.21,8,0,59,0,
shop,PURE,2,1,0.3423024,0.3423024,20,44635,598772,4297,0.3413044,76331,0,0,0,0,0,0,0.0,0,0,0,0,0,0.0,1.31,0.0,1.31,1.31,8,0,8,0,
shop,PURE,2,2,0.4268128,0.7691152,36,12691,1497584,7646,0.4268128,89022,0,0,0,0,0,0,0.0,0,0,0,0,0,0.0,1.75,0.0,1.75,3.06,8,0,16,0,
shop,PURE,2,3,0.39015720000000004,1.1592724,20,17367,978396,12497,0.39015720000000004,106389,0,0,0,0,0,0,0.0,0,0,0,0,0,0.0,2.06,0.0,2.06,5.12,12,0,28,0,
shop,PURE,2,4,0.7761678000000001,1.9354402000000002,52,17375,2987619,10904,0.7761678000000001,123764,0,0,0,0,0,0,0.0,0,0,0,0,0,0.0,1.91,0.0,1.91,7.03,10,0,38,0,
shop,K,3,5,0.3477396,1.1997448,0,0,0,0,0.0,0,0,1,952,33801,461563,11931,0.3477396,122265,12213,1075923,0,0,1.87,4.31,0.0,6.18,19.95,0,1,0,1,score crashed; 
shop,PURE,2,5,1.1854596,3.1208998,56,35105,4016188,24169,1.1854596,158869,0,0,0,0,0,0,0.0,0,0,0,0,0,0.0,3.74,0.0,3.74,10.77,13,0,51,0,
shop,PURE,2,6,0.5316698000000001,3.6525696,24,13137,1977269,8362,0.5316698000000001,172006,0,0,0,0,0,0,0.0,0,0,0,0,0,0.0,1.48,0.0,1.48,12.25,8,0,59,0,
shop,K,3,6,0.22146359999999998,1.4212083999999998,0,0,0,0,0.0,0,0,1,950,22576,374103,5543,0.22146359999999998,142173,6581,830661,2,0,0.89,4.4,0.0,5.29,25.24,8,0,59,0,
shop,PURE,3,1,0.34964680000000004,0.34964680000000004,20,44888,624134,4423,0.34864880000000004,76584,0,0,0,0,0,0,0.0,0,0,0,0,0,0.0,1.45,0.0,1.45,1.45,8,0,8,0,
shop,PURE,3,2,0.3938790000000001,0.7435258000000001,34,10778,1393145,7207,0.3938790000000001,87362,0,0,0,0,0,0,0.0,0,0,0,0,0,0.0,1.37,0.0,1.37,2.82,8,0,16,0,
shop,PURE,3,3,0.46588080000000004,1.2094066,32,15700,1523884,9824,0.46588080000000004,103062,0,0,0,0,0,0,0.0,0,0,0,0,0,0.0,1.72,0.0,1.72,4.54,12,0,28,0,
shop,J0,1,1,0.4641678,0.4641678,18,25715,454147,2511,0.21883540000000004,57411,0,2,32,74482,416497,12386,0.3934284,20719,2457,94417,0,0,1.52,1.59,0.21,3.32,3.32,8,0,8,0,
shop,PURE,3,4,0.7063282,1.9157348,48,17824,2673631,10021,0.7063282,120886,0,0,0,0,0,0,0.0,0,0,0,0,0,0.0,1.85,0.0,1.85,6.39,10,0,38,0,
shop,PURE,3,5,1.3007096000000002,3.2164444000000003,66,36368,4634628,22818,1.3007096000000002,157254,0,0,0,0,0,0,0.0,0,0,0,0,0,0.0,3.59,0.0,3.59,9.98,13,0,51,0,
shop,PURE,3,6,0.5847834,3.8012278000000004,28,12237,2289497,7788,0.5847834,169491,0,0,0,0,0,0,0.0,0,0,0,0,0,0.0,1.49,0.0,1.49,11.47,8,0,59,0,
shop,J0,1,2,1.3852446999999999,1.8494125,46,32128,1680656,14799,0.6127252000000001,89539,0,2,90,76532,1636656,41616,0.9350011999999999,115218,8286,740112,0,0,15.31,0.0,0.31,15.62,18.94,8,0,16,0,
shop,J0,1,3,0.9063413,2.7557538,40,23169,1995748,9074,0.5826456,112708,0,2,38,83343,520640,23019,0.5427515,145407,11610,1487224,1,0,2.77,1.05,4.46,8.28,27.22,12,0,28,0,
shop,J0,1,4,0.6687663,3.4245201,24,13472,1420763,4421,0.38229860000000004,126180,0,2,46,73651,633488,19126,0.5021770999999999,135536,7423,928100,1,0,2.05,13.28,0.47,15.8,43.02,10,0,38,0,
shop,J0,1,5,2.755454200000001,6.179974300000001,84,60220,6556769,24825,1.8006518000000005,186400,0,2,74,138677,1842294,62983,1.3451293000000002,304415,28018,2574165,0,0,8.46,9.72,9.22,27.4,70.42,13,0,51,0,
shop,J0,1,6,1.0473316000000001,7.227305900000001,24,19133,2356147,5905,0.6068593999999999,205533,0,2,50,92936,846956,18425,0.5860812,127684,8655,1179311,0,0,3.31,3.56,0.43,7.3,77.72,8,0,59,0,
shop,K,4,1,0.2357282,0.2357282,0,0,0,0,0.0,0,0,1,946,35995,250886,4067,0.2357282,56282,5206,465752,0,0,0.71,2.42,0.0,3.13,3.13,8,0,8,0,
shop,K,4,2,0.3885946,0.6243228000000001,0,0,0,0,0.0,0,0,1,960,29637,536188,16188,0.3885946,91663,5546,486984,1,0,2.73,2.82,0.0,5.55,8.68,8,0,16,0,
shop,K,4,3,0.38858599999999993,1.0129088,0,0,0,0,0.0,0,0,1,946,34659,331945,18266,0.38858599999999993,116058,10049,1111834,0,0,2.6,4.27,0.0,6.87,15.55,12,0,28,0,
shop,K,4,4,0.21548940000000003,1.2283982,0,0,0,0,0.0,0,0,1,952,19188,389147,5999,0.21548940000000003,116154,7132,959929,0,0,0.95,3.22,0.0,4.17,19.72,10,0,38,0,
shop,K,4,5,0.3384155999999999,1.5668137999999998,0,0,0,0,0.0,0,0,1,950,33653,426723,11755,0.3384155999999999,249917,12024,1337258,2,0,1.85,4.08,0.77,6.7,26.42,0,1,0,1,score crashed; 
shop,K,4,6,0.38145499999999993,1.9482687999999997,0,0,0,0,0.0,0,0,1,966,33598,762485,9362,0.38145499999999993,162125,6945,630814,2,0,1.58,2.77,0.79,5.14,31.56,0,1,0,1,score crashed; 
shop,J0,2,1,0.5047095,0.5047095,16,27033,397521,2906,0.2167282,58729,0,1,20,50183,356779,8808,0.28493330000000006,32339,2918,154279,0,0,1.83,1.89,0.28,4.0,4.0,8,0,8,0,
shop,J0,2,2,1.0939338,1.5986433,52,33412,1948208,12615,0.6495436000000001,92141,0,1,28,41898,403696,25885,0.4443902,128798,9927,989584,3,0,9.06,2.22,3.92,15.2,19.2,8,0,16,0,
shop,J0,2,3,0.6414619000000001,2.2401052000000004,16,23097,813869,4297,0.29816380000000003,115238,0,1,18,47063,261473,17331,0.34329810000000005,91876,7244,666918,0,0,2.63,2.77,0.44,5.84,25.04,12,0,28,0,
shop,J0,2,4,0.6036269,2.8437321000000004,16,18810,993729,3240,0.3064178,134048,0,1,18,41671,267378,13952,0.29720910000000006,71853,5499,557929,0,0,2.36,2.54,0.27,5.17,30.21,10,0,38,0,
shop,J0,2,5,1.5485437,4.3922758,34,49606,2744030,12685,0.8741480000000001,183654,0,1,24,74459,518251,38455,0.6743956999999999,480613,23079,2212491,1,0,5.45,5.47,3.95,14.87,45.08,13,0,51,0,
shop,J0,2,6,1.2285865,5.620862300000001,32,25930,3161368,8149,0.8175476,209584,0,1,22,66755,404637,16318,0.41103890000000004,186979,9696,1004328,2,0,2.74,2.55,3.71,9.0,54.08,8,0,59,0,
shop,K,5,1,0.32986420000000005,0.32986420000000005,0,0,0,0,0.0,0,0,1,948,40071,311476,10638,0.32986420000000005,64084,3511,235953,0,0,1.69,1.62,0.0,3.31,3.31,8,0,8,0,
shop,K,5,2,0.27096240000000005,0.6008266000000001,0,0,0,0,0.0,0,0,1,956,20734,457677,9557,0.27096240000000005,55115,5232,304461,0,0,1.82,2.25,0.0,4.07,7.38,8,0,16,0,
shop,K,5,3,0.19598959999999996,0.7968162000000001,0,0,0,0,0.0,0,0,1,946,19620,290243,5856,0.19598959999999996,64022,5721,621497,1,0,0.9,3.35,0.0,4.25,11.63,12,0,28,0,
shop,K,5,4,0.19287999999999997,0.9896962,0,0,0,0,0.0,0,0,1,948,17741,311005,5882,0.19287999999999997,99702,6456,760488,2,0,1.22,0.75,3.35,5.32,16.95,10,0,38,0,
shop,K,5,5,0.2749692,1.2646654000000002,0,0,0,0,0.0,0,0,1,946,27724,326111,9795,0.2749692,125480,12612,1424641,0,0,1.48,4.9,0.0,6.38,23.33,13,0,51,0,
shop,K,5,6,0.340852,1.6055174,0,0,0,0,0.0,0,0,1,956,29707,504815,12014,0.340852,92944,5906,605377,0,0,4.38,3.41,0.0,7.79,31.12,8,0,59,0,
shop,J0,3,1,0.596094,0.596094,32,31624,868558,6401,0.36428160000000004,63320,0,1,14,47378,212357,6988,0.23082439999999999,36617,3489,231523,1,0,1.44,1.62,2.54,5.6,5.6,8,0,8,0,
shop,J0,3,2,0.6410619,1.2371558999999999,22,7213,739302,2507,0.20182640000000004,70533,0,1,48,36407,788410,16608,0.41487549999999995,66109,6723,384800,0,0,3.46,3.16,0.23,6.85,12.45,8,0,16,0,
shop,J0,3,3,1.1442852000000001,2.3814411,52,26337,2239476,9656,0.6499072,96474,0,1,30,46616,546090,26856,0.49437800000000004,67507,6355,544222,0,0,4.38,1.5,5.07,10.95,23.4,12,0,28,0,
shop,J0,3,4,0.895763,3.2772041,38,16813,2002662,8675,0.5546104,113287,0,1,32,47680,549743,11194,0.3411526,19995,4900,290665,0,0,5.13,0.0,0.14,5.27,28.67,9,1,37,1,
shop,J0,3,5,1.0345088,4.3117129,20,21622,1236533,6150,0.3953346,134909,0,1,38,66158,908416,29202,0.6391742,105626,17021,2080761,0,0,4.96,7.42,0.21,12.59,41.26,13,0,50,1,
shop,J0,3,6,0.9318562999999999,5.2435692,24,13560,1700705,5715,0.451579,148469,0,1,28,64117,578344,20426,0.4802773,178815,9682,1146372,0,0,3.67,4.12,3.05,10.84,52.1,8,0,58,1,
