task,arm,rep,stage,step,seconds,fresh,cache_write,cache_read,output,usd,result,note
shop,K,1,1,plan,41.8,944,29343,207373,3992,0.19966360000000002,,
shop,K,1,1,build,61.84978689998388,,,,,,,
shop,K,1,1,rerun,70.65386599989142,,,,,,,rerun; 
shop,K,1,1,T1.exec,19.1,9994,,51344,710,0,pass,
shop,K,1,1,T1.accept,0.2,,,,,,,
shop,K,1,1,T2.exec,18.3,9435,,36531,541,0,pass,
shop,K,1,1,T2.accept,0.2,,,,,,,
shop,K,1,1,T3.exec,62.9,8455,,42221,453,0,pass,
shop,K,1,1,T3.accept,7.4,,,,,,,
shop,K,1,1,verify,0,,,,,,,
shop,K,1,2,plan,114.9,954,21798,422090,10459,0.277117,,
shop,K,1,2,build,60.84580360003747,,,,,,,
shop,K,1,2,rerun,61.58003519999329,,,,,,,rerun; 
shop,K,1,2,T1.exec,44.5,31455,,216586,2658,0,fail,
shop,K,1,2,T1.accept,0.1,,,,,,,
shop,K,1,2,T1.retry,16.7,,,,,,,
shop,K,1,2,verify,0,,,,,,,
shop,K,2,1,plan,33.5,944,17719,216536,3109,0.14617519999999998,,
shop,K,2,1,build,103.72657970001455,,,,,,,
shop,K,2,1,T1.exec,65.7,23562,,121424,3008,0,pass,
shop,K,2,1,T1.accept,6.7,,,,,,,
shop,K,2,1,T2.exec,22.2,26229,,84873,359,0,pass,
shop,K,2,1,T2.accept,7.4,,,,,,,
shop,K,2,1,verify,0,,,,,,,
shop,K,2,2,plan,60.9,946,18736,287223,5986,0.1931496,,
shop,K,2,2,build,172.52607979997993,,,,,,,
shop,K,2,2,rerun,54.10354779998306,,,,,,,rerun; 
shop,K,2,2,T1.exec,39.9,11171,,101962,1744,0,pass,
shop,K,2,2,T1.accept,6.7,,,,,,,
shop,K,2,2,T2.exec,24.3,13928,,66695,520,0,pass,
shop,K,2,2,T2.accept,8.5,,,,,,,
shop,K,2,2,T3.exec,32.8,17418,,101750,1536,0,pass,
shop,K,2,2,T3.accept,8.0,,,,,,,
shop,K,2,2,T4.exec,28.4,17817,,72566,804,0,pass,
shop,K,2,2,T4.accept,7.4,,,,,,,
shop,K,2,2,T5.exec,7.6,34445,,23546,147,0,fail,
shop,K,2,2,T5.accept,0.3,,,,,,,
shop,K,2,2,T5.retry,9.9,,,,,,,
shop,K,2,2,verify,0,,,,,,,
shop,PURE,1,1,build,87.7,935,76685,668839,4604,0.48742479999999994,,
shop,K,3,1,plan,75.6,944,23244,237520,6375,0.205127,,
shop,K,3,1,build,73.61198070005048,,,,,,,
shop,K,3,1,T1.exec,47.4,23601,,149937,3375,0,pass,
shop,K,3,1,T1.accept,2.4,,,,,,,
shop,K,3,1,T2.exec,19.2,26668,,86652,370,0,pass,
shop,K,3,1,T2.accept,2.4,,,,,,,
shop,K,3,1,verify,0,,,,,,,
shop,K,3,2,plan,76.1,958,20381,475116,8799,0.26546220000000004,,
shop,PURE,1,2,build,218.3,56,26294,2470858,15763,0.7570896,,
shop,PURE,1,3,build,90.0,28,13554,1537860,8113,0.44297400000000003,,
shop,K,3,2,build,189.97160900000017,,,,,,,
shop,K,3,2,T1.exec,25.2,21656,,152721,1868,0,pass,
shop,K,3,2,T1.accept,2.8,,,,,,,
shop,K,3,2,T1.retry,40.0,,,,,,,
shop,K,3,2,T2.exec,20.2,8340,,78861,572,0,pass,
shop,K,3,2,T2.accept,2.4,,,,,,,
shop,K,3,2,T3.exec,22.7,21379,,63242,817,0,pass,
shop,K,3,2,T3.accept,4.3,,,,,,,
shop,K,3,2,T4.exec,29.5,21715,,126973,1681,0,pass,
shop,K,3,2,T4.accept,3.3,,,,,,,
shop,K,3,2,T5.exec,29.7,8616,,97649,440,0,pass,
shop,K,3,2,T5.accept,8.8,,,,,,,
shop,K,3,2,verify,0,,,,,,,
shop,K,3,3,plan,64.7,948,20037,317890,6939,0.214021,,
shop,PURE,1,4,build,132.5,64,20695,4070206,11760,1.0145492,,
shop,K,3,3,build,140.55572459998075,,,,,,,
shop,K,3,3,T1.exec,43.8,12047,,116280,1424,0,pass,
shop,K,3,3,T1.accept,0.1,,,,,,,
shop,K,3,3,T2.exec,32.4,14657,,57320,2149,0,pass,
shop,K,3,3,T2.accept,2.9,,,,,,,
shop,K,3,3,T3.exec,26.7,18652,,126766,914,0,pass,
shop,K,3,3,T3.accept,2.4,,,,,,,
shop,K,3,3,T4.exec,22.2,19876,,68013,370,0,pass,
shop,K,3,3,T4.accept,9.2,,,,,,,
shop,K,3,3,verify,0,,,,,,,
shop,K,3,4,plan,43.2,946,16268,271760,4707,0.16739500000000002,,
shop,PURE,1,5,build,209.5,66,34937,5207982,23258,1.4140564000000002,,
shop,K,3,4,build,161.98548949998803,,,,,,,
shop,K,3,4,T1.exec,46.5,5051,,138796,1484,0,pass,
shop,K,3,4,T1.accept,2.3,,,,,,,
shop,K,3,4,T2.exec,27.5,14385,,102900,598,0,pass,
shop,K,3,4,T2.accept,2.6,,,,,,,
shop,K,3,4,T3.exec,40.3,12870,,168094,2315,0,pass,
shop,K,3,4,T3.accept,2.4,,,,,,,
shop,K,3,4,T4.exec,28.4,23096,,77676,391,0,pass,
shop,K,3,4,T4.accept,11.1,,,,,,,
shop,K,3,4,verify,0,,,,,,,
shop,PURE,1,6,build,114.7,34,14574,3066686,9689,0.7685911999999999,,
shop,K,3,5,plan,112.3,952,33801,461563,11931,0.3477396,,
shop,PURE,2,1,build,78.7,933,44635,598772,4314,0.3423024,,
shop,PURE,2,2,build,105.0,36,12691,1497584,7646,0.4268128,,
shop,K,3,5,build,258.577722899965,,,,,,,
shop,K,3,5,T1.exec,63.3,14308,,207315,3404,0,pass,
shop,K,3,5,T1.accept,2.4,,,,,,,
shop,K,3,5,T2.exec,27.3,18903,,48512,2693,0,pass,
shop,K,3,5,T2.accept,4.9,,,,,,,
shop,K,3,5,T3.exec,58.9,24658,,361462,2824,0,pass,
shop,K,3,5,T3.accept,2.4,,,,,,,
shop,K,3,5,T4.exec,28.3,29066,,134923,2034,0,pass,
shop,K,3,5,T4.accept,3.2,,,,,,,
shop,K,3,5,T5.exec,22.7,767,,212336,892,0,pass,
shop,K,3,5,T5.accept,2.4,,,,,,,
shop,K,3,5,T6.exec,26.7,34563,,111375,366,0,pass,
shop,K,3,5,T6.accept,14.7,,,,,,,
shop,K,3,5,verify,0,,,,,,,
shop,PURE,2,3,build,123.4,20,17367,978396,12497,0.39015720000000004,,
shop,PURE,2,4,build,114.6,52,17375,2987619,10904,0.7761678000000001,,
shop,K,3,6,plan,53.3,950,22576,374103,5543,0.22146359999999998,,
shop,PURE,2,5,build,224.7,56,35105,4016188,24169,1.1854596,,
shop,PURE,2,6,build,89.1,24,13137,1977269,8362,0.5316698000000001,,
shop,K,3,6,build,263.8583059000084,,,,,,,
shop,K,3,6,T1.exec,37.6,7205,,205312,2249,0,pass,
shop,K,3,6,T1.accept,2.8,,,,,,,
shop,K,3,6,T1.retry,41.0,,,,,,,
shop,K,3,6,T2.exec,25.5,19775,,155959,634,0,pass,
shop,K,3,6,T2.accept,2.8,,,,,,,
shop,K,3,6,T3.exec,35.3,51065,,255711,1813,0,pass,
shop,K,3,6,T3.accept,5.0,,,,,,,
shop,K,3,6,T3.retry,46.9,,,,,,,
shop,K,3,6,T4.exec,23.4,31421,,103510,1434,0,pass,
shop,K,3,6,T4.accept,2.5,,,,,,,
shop,K,3,6,T5.exec,28.5,32707,,110169,451,0,pass,
shop,K,3,6,T5.accept,11.4,,,,,,,
shop,K,3,6,verify,0,,,,,,,
shop,PURE,3,1,build,86.9,933,44888,624134,4440,0.34964680000000004,,
shop,PURE,3,2,build,82.2,34,10778,1393145,7207,0.3938790000000001,,
shop,J0,1,1,plan,91.2,946,70738,548097,8932,0.41074140000000003,,
shop,PURE,3,3,build,103.4,32,15700,1523884,9824,0.46588080000000004,,
shop,J0,1,1,build,95.5731427000137,,,,,,,
shop,J0,1,1,T1.exec,18.2,10020,,40696,647,0,pass,
shop,J0,1,1,T1.accept,0.1,,,,,,,
shop,J0,1,1,T2.exec,64.6,10699,,53721,1810,0,pass,
shop,J0,1,1,T2.accept,10.6,,,,,,,
shop,J0,1,1,verify,12.7,6,3013,165262,831,0.0534264,,
shop,PURE,3,4,build,110.9,48,17824,2673631,10021,0.7063282,,
shop,PURE,3,5,build,215.1,66,36368,4634628,22818,1.3007096000000002,,
shop,PURE,3,6,build,89.5,28,12237,2289497,7788,0.5847834,,
shop,J0,1,2,plan,918.8,102,85049,2607514,49064,1.2661232999999998,,
shop,J0,1,2,build,0.14821020001545548,,,,,,,
shop,J0,1,2,T1.exec,32.5,10373,,101574,1433,0,pass,
shop,J0,1,2,T1.accept,0.1,,,,,,,
shop,J0,1,2,T2.exec,21.2,12856,,78675,767,0,pass,
shop,J0,1,2,T2.accept,0.4,,,,,,,
shop,J0,1,2,T3.exec,44.4,16010,,175868,2910,0,pass,
shop,J0,1,2,T3.accept,0.4,,,,,,,
shop,J0,1,2,T4.exec,41.8,16305,,57564,912,0,pass,
shop,J0,1,2,T4.accept,12.0,,,,,,,
shop,J0,1,2,verify,18.7,10,4692,434917,1335,0.11912140000000002,,
shop,J0,1,3,plan,166.3,32,51559,915458,18476,0.5066201,,
shop,J0,1,3,build,63.25511439994443,,,,,,,
shop,J0,1,3,T1.exec,20.2,10330,,50666,1032,0,pass,
shop,J0,1,3,T1.accept,0.2,,,,,,,
shop,J0,1,3,T2.exec,23.1,30629,,122505,2456,0,fail,
shop,J0,1,3,T2.accept,0.1,,,,,,,
shop,J0,1,3,T2.retry,19.2,,,,,,,
shop,J0,1,3,verify,267.9,26,16631,1343926,6436,0.3997212,,
shop,J0,1,4,plan,123.0,26,54377,808507,13751,0.44242390000000004,,
shop,J0,1,4,build,796.7982186001027,,,,,,,
shop,J0,1,4,T1.exec,27.2,21434,,197032,1832,0,pass,
shop,J0,1,4,T1.accept,0.3,,,,,,,
shop,J0,1,4,T1.retry,29.0,,,,,,,
shop,J0,1,4,T2.exec,23.4,22204,,142684,1145,0,pass,
shop,J0,1,4,T2.accept,0.4,,,,,,,
shop,J0,1,4,T3.exec,28.0,26158,,177193,1407,0,pass,
shop,J0,1,4,T3.accept,0.3,,,,,,,
shop,J0,1,4,T4.exec,319.9,29438,,97693,771,0,pass,
shop,J0,1,4,T4.accept,0.3,,,,,,,
shop,J0,1,4,T5.exec,356.0,36302,,313498,2268,0,pass,
shop,J0,1,4,T5.accept,11.0,,,,,,,
shop,J0,1,4,verify,27.9,14,8660,847022,2227,0.22634240000000003,,
shop,J0,1,5,plan,507.5,50,100977,1779017,53577,1.1561084000000004,,
shop,J0,1,5,build,583.4393154999707,,,,,,,
shop,J0,1,5,T1.exec,43.0,22178,,166425,3411,0,pass,
shop,J0,1,5,T1.accept,0.2,,,,,,,
shop,J0,1,5,T2.exec,22.8,19775,,155640,1066,0,pass,
shop,J0,1,5,T2.accept,0.3,,,,,,,
shop,J0,1,5,T3.exec,31.6,23553,,132988,1827,0,pass,
shop,J0,1,5,T3.accept,0.4,,,,,,,
shop,J0,1,5,T4.exec,38.4,29102,,199085,2395,0,pass,
shop,J0,1,5,T4.accept,0.5,,,,,,,
shop,J0,1,5,T5.exec,338.1,15481,,220319,2475,0,pass,
shop,J0,1,5,T5.accept,0.1,,,,,,,
shop,J0,1,5,T6.exec,23.1,40314,,217952,1090,0,pass,
shop,J0,1,5,T6.accept,0.1,,,,,,,
shop,J0,1,5,T7.exec,66.8,45573,,348587,3191,0,pass,
shop,J0,1,5,T7.accept,16.7,,,,,,,
shop,J0,1,5,verify,553.3,74,52225,5908039,20869,1.5993458000000003,,
shop,J0,1,6,plan,198.4,38,74083,1636912,22259,0.7510644000000002,,
shop,J0,1,6,build,213.44986080005765,,,,,,,
shop,J0,1,6,T1.exec,33.3,15518,,117358,2134,0,pass,
shop,J0,1,6,T1.accept,0.2,,,,,,,
shop,J0,1,6,T2.exec,22.4,20326,,156870,665,0,pass,
shop,J0,1,6,T2.accept,0.2,,,,,,,
shop,J0,1,6,T3.exec,28.8,22028,,177700,1305,0,pass,
shop,J0,1,6,T3.accept,0.1,,,,,,,
shop,J0,1,6,T4.exec,17.6,25797,,114836,1073,0,pass,
shop,J0,1,6,T4.accept,0.1,,,,,,,
shop,J0,1,6,T5.exec,92.7,44015,,612547,3478,0,pass,
shop,J0,1,6,T5.accept,17.1,,,,,,,
shop,J0,1,6,verify,26.0,12,8594,1208086,2025,0.2962672,,
shop,K,4,1,plan,42.9,946,35995,250886,4067,0.2357282,,
shop,K,4,1,build,145.41162849997636,,,,,,,
shop,K,4,1,T1.exec,113.6,26423,,367419,4824,0,pass,
shop,K,4,1,T1.accept,0.1,,,,,,,
shop,K,4,1,T2.exec,21.7,29859,,98333,382,0,pass,
shop,K,4,1,T2.accept,7.8,,,,,,,
shop,K,4,1,verify,0,,,,,,,
shop,K,4,2,plan,163.8,960,29637,536188,16188,0.3885946,,
shop,K,4,2,build,169.05382710008416,,,,,,,
shop,K,4,2,T1.exec,38.2,10762,,121031,2030,0,pass,
shop,K,4,2,T1.accept,2.8,,,,,,,
shop,K,4,2,T2.exec,21.4,14080,,66347,714,0,pass,
shop,K,4,2,T2.accept,2.8,,,,,,,
shop,K,4,2,T3.exec,12.6,22823,,124957,1328,0,pass,
shop,K,4,2,T3.accept,2.6,,,,,,,
shop,K,4,2,T3.retry,28.6,,,,,,,
shop,K,4,2,T4.exec,23.9,20746,,97900,1125,0,pass,
shop,K,4,2,T4.accept,2.4,,,,,,,
shop,K,4,2,T5.exec,24.6,23252,,76749,349,0,pass,
shop,K,4,2,T5.accept,8.3,,,,,,,
shop,K,4,2,verify,0,,,,,,,
shop,K,4,3,plan,156.3,946,34659,331945,18266,0.38858599999999993,,
shop,K,4,3,build,256.0805452999193,,,,,,,
shop,K,4,3,T1.exec,36.4,11594,,83590,2103,0,pass,
shop,K,4,3,T1.accept,2.5,,,,,,,
shop,K,4,3,T2.exec,22.8,18291,,54692,779,0,pass,
shop,K,4,3,T2.accept,3.0,,,,,,,
shop,K,4,3,T3.exec,103.5,21837,,599578,5125,0,pass,
shop,K,4,3,T3.accept,2.6,,,,,,,
shop,K,4,3,T4.exec,47.0,29877,,265686,1676,0,pass,
shop,K,4,3,T4.accept,2.7,,,,,,,
shop,K,4,3,T5.exec,25.6,34459,,108288,366,0,pass,
shop,K,4,3,T5.accept,9.0,,,,,,,
shop,K,4,3,verify,0,,,,,,,
shop,K,4,4,plan,57.0,952,19188,389147,5999,0.21548940000000003,,
shop,K,4,4,build,193.26118659996428,,,,,,,
shop,K,4,4,T1.exec,31.3,11631,,92129,1131,0,pass,
shop,K,4,4,T1.accept,3.1,,,,,,,
shop,K,4,4,T2.exec,31.4,16651,,147676,1366,0,pass,
shop,K,4,4,T2.accept,2.5,,,,,,,
shop,K,4,4,T3.exec,41.4,23676,,236245,2010,0,pass,
shop,K,4,4,T3.accept,3.0,,,,,,,
shop,K,4,4,T4.exec,26.0,29609,,192645,1489,0,pass,
shop,K,4,4,T4.accept,0.1,,,,,,,
shop,K,4,4,T5.exec,43.4,34587,,291234,1136,0,pass,
shop,K,4,4,T5.accept,10.3,,,,,,,
shop,K,4,4,verify,0,,,,,,,
shop,K,4,5,plan,111.2,950,33653,426723,11755,0.3384155999999999,,
shop,K,4,5,build,244.83797869994305,,,,,,,
shop,K,4,5,rerun,46.325177900027484,,,,,,,rerun; 
shop,K,4,5,T1.exec,28.1,12575,,85855,1453,0,pass,
shop,K,4,5,T1.accept,2.5,,,,,,,
shop,K,4,5,T2.exec,69.0,19375,,332410,3388,0,pass,
shop,K,4,5,T2.accept,2.6,,,,,,,
shop,K,4,5,T3.exec,27.3,29166,,159001,1538,0,pass,
shop,K,4,5,T3.accept,2.4,,,,,,,
shop,K,4,5,T4.exec,39.9,32893,,263267,2603,0,pass,
shop,K,4,5,T4.accept,2.5,,,,,,,
shop,K,4,5,T5.exec,23.7,37433,,207266,1045,0,pass,
shop,K,4,5,T5.accept,2.5,,,,,,,
shop,K,4,5,T6.exec,28.5,35648,,114795,1209,0,fail,
shop,K,4,5,T6.accept,5.9,,,,,,,
shop,K,4,5,T6.retry,11.5,,,,,,,
shop,K,4,5,verify,0,,,,,,,
shop,K,4,6,plan,94.6,966,33598,762485,9362,0.38145499999999993,,
shop,K,4,6,build,166.26538320002146,,,,,,,
shop,K,4,6,rerun,47.20128419995308,,,,,,,rerun; 
shop,K,4,6,T1.exec,33.5,12725,,69174,1414,0,pass,
shop,K,4,6,T1.accept,2.8,,,,,,,
shop,K,4,6,T2.exec,22.9,16020,,92401,433,0,pass,
shop,K,4,6,T2.accept,2.8,,,,,,,
shop,K,4,6,T3.exec,32.0,20269,,117624,1953,0,pass,
shop,K,4,6,T3.accept,2.5,,,,,,,
shop,K,4,6,T4.exec,21.2,27820,,91000,1434,0,pass,
shop,K,4,6,T4.accept,2.8,,,,,,,
shop,K,4,6,T5.exec,25.6,24160,,80348,914,0,fail,
shop,K,4,6,T5.accept,6.0,,,,,,,
shop,K,4,6,T5.retry,15.3,,,,,,,
shop,K,4,6,verify,0,,,,,,,
shop,J0,2,1,plan,109.6,946,70678,538828,10356,0.4196671,,
shop,J0,2,1,build,113.31132730003446,,,,,,,
shop,J0,2,1,T1.exec,27.0,10179,,54620,953,0,pass,
shop,J0,2,1,T1.accept,0.1,,,,,,,
shop,J0,2,1,T2.exec,25.1,10419,,54233,1601,0,pass,
shop,J0,2,1,T2.accept,0.1,,,,,,,
shop,J0,2,1,T3.exec,52.2,11741,,45426,364,0,pass,
shop,J0,2,1,T3.accept,6.9,,,,,,,
shop,J0,2,1,verify,17.0,8,6538,215472,1578,0.0850424,,
shop,J0,2,2,plan,543.6,50,56361,1143879,31446,0.7059328,,
shop,J0,2,2,build,132.9773511000676,,,,,,,
shop,J0,2,2,T1.exec,13.9,23264,,137523,1910,0,pass,
shop,J0,2,2,T1.accept,0.4,,,,,,,
shop,J0,2,2,T1.retry,88.6,,,,,,,
shop,J0,2,2,T2.exec,25.3,13524,,48856,855,0,pass,
shop,J0,2,2,T2.accept,0.3,,,,,,,
shop,J0,2,2,T3.exec,25.8,14446,,68527,1116,0,pass,
shop,J0,2,2,T3.accept,0.1,,,,,,,
shop,J0,2,2,T4.exec,29.1,16801,,139063,1356,0,pass,
shop,J0,2,2,T4.accept,0.2,,,,,,,
shop,J0,2,2,T5.exec,28.8,19658,,108158,617,0,fail,
shop,J0,2,2,T5.accept,11.3,,,,,,,
shop,J0,2,2,T5.retry,11.2,,,,,,,
shop,J0,2,2,verify,235.3,30,18949,1208025,7054,0.388001,,
shop,J0,2,3,plan,157.8,28,62327,748874,19369,0.5222343000000002,,
shop,J0,2,3,build,166.29604209994432,,,,,,,
shop,J0,2,3,T1.exec,48.8,15102,,157255,2840,0,pass,
shop,J0,2,3,T1.accept,0.3,,,,,,,
shop,J0,2,3,T2.exec,43.1,21984,,175039,2646,0,pass,
shop,J0,2,3,T2.accept,0.3,,,,,,,
shop,J0,2,3,T3.exec,31.4,26070,,207989,1257,0,pass,
shop,J0,2,3,T3.accept,0.3,,,,,,,
shop,J0,2,3,T4.exec,31.5,28720,,126635,501,0,pass,
shop,J0,2,3,T4.accept,9.8,,,,,,,
shop,J0,2,3,verify,26.2,6,7833,326468,2259,0.1192276,,
shop,J0,2,4,plan,141.6,28,55248,870455,15973,0.4923625,,
shop,J0,2,4,build,152.5382284000516,,,,,,,
shop,J0,2,4,T1.exec,30.2,7084,,109851,1303,0,pass,
shop,J0,2,4,T1.accept,0.2,,,,,,,
shop,J0,2,4,T2.exec,30.3,10420,,127093,1504,0,pass,
shop,J0,2,4,T2.accept,0.3,,,,,,,
shop,J0,2,4,T3.exec,34.8,21261,,169699,2055,0,pass,
shop,J0,2,4,T3.accept,0.1,,,,,,,
shop,J0,2,4,T4.exec,20.9,23593,,80504,425,0,pass,
shop,J0,2,4,T4.accept,0.1,,,,,,,
shop,J0,2,4,T5.exec,25.3,9495,,70782,212,0,pass,
shop,J0,2,4,T5.accept,9.1,,,,,,,
shop,J0,2,4,verify,16.3,6,5233,390652,1219,0.11126440000000001,,
shop,J0,2,5,plan,327.1,36,102754,1385573,42983,1.0063441,,
shop,J0,2,5,build,328.3364261999959,,,,,,,
shop,J0,2,5,T1.exec,32.4,9945,,113184,2257,0,pass,
shop,J0,2,5,T1.accept,0.3,,,,,,,
shop,J0,2,5,T2.exec,47.1,22006,,204545,2822,0,pass,
shop,J0,2,5,T2.accept,0.3,,,,,,,
shop,J0,2,5,T3.exec,28.4,32544,,170332,1315,0,pass,
shop,J0,2,5,T3.accept,0.3,,,,,,,
shop,J0,2,5,T4.exec,40.9,37280,,207991,2982,0,pass,
shop,J0,2,5,T4.accept,0.3,,,,,,,
shop,J0,2,5,T5.exec,38.8,44349,,242081,3282,0,pass,
shop,J0,2,5,T5.accept,0.4,,,,,,,
shop,J0,2,5,T6.exec,49.0,50914,,222170,3167,0,pass,
shop,J0,2,5,T6.accept,0.1,,,,,,,
shop,J0,2,5,T7.exec,29.1,37812,,320187,1263,0,pass,
shop,J0,2,5,T7.accept,0.1,,,,,,,
shop,J0,2,5,T8.exec,32.2,121106,,252197,840,0,fail,
shop,J0,2,5,T8.accept,12.5,,,,,,,
shop,J0,2,5,T8.retry,14.4,,,,,,,
shop,J0,2,5,verify,236.8,22,21311,1876708,8157,0.5421996,,
shop,J0,2,6,plan,164.6,32,77369,1345048,18706,0.6654771,,
shop,J0,2,6,build,153.1770052999491,,,,,,,
shop,J0,2,6,T1.exec,28.9,7774,,66105,1805,0,pass,
shop,J0,2,6,T1.accept,0.3,,,,,,,
shop,J0,2,6,T2.exec,26.2,19244,,113458,894,0,pass,
shop,J0,2,6,T2.accept,0.2,,,,,,,
shop,J0,2,6,T3.exec,29.7,25040,,168948,1892,0,pass,
shop,J0,2,6,T3.accept,0.1,,,,,,,
shop,J0,2,6,T4.exec,15.9,11852,,110365,481,0,pass,
shop,J0,2,6,T4.accept,0.2,,,,,,,
shop,J0,2,6,T5.exec,27.9,59119,,164355,756,0,fail,
shop,J0,2,6,T5.accept,7.7,,,,,,,
shop,J0,2,6,T5.retry,14.9,,,,,,,
shop,J0,2,6,verify,222.5,22,15316,2220957,5761,0.5631094000000001,,
shop,K,5,1,plan,101.3,948,40071,311476,10638,0.32986420000000005,,
shop,K,5,1,build,97.16627929999959,,,,,,,
shop,K,5,1,T1.exec,27.2,10048,,40557,520,0,pass,
shop,K,5,1,T1.accept,0.1,,,,,,,
shop,K,5,1,T2.exec,43.5,26392,,133975,2708,0,pass,
shop,K,5,1,T2.accept,0.1,,,,,,,
shop,K,5,1,T3.exec,19.1,27644,,61421,283,0,pass,
shop,K,5,1,T3.accept,4.2,,,,,,,
shop,K,5,1,verify,0,,,,,,,
shop,K,5,2,plan,109.1,956,20734,457677,9557,0.27096240000000005,,
shop,K,5,2,build,135.26712990005035,,,,,,,
shop,K,5,2,T1.exec,34.7,9547,,82579,1164,0,pass,
shop,K,5,2,T1.accept,0.2,,,,,,,
shop,K,5,2,T2.exec,26.3,11577,,56815,785,0,pass,
shop,K,5,2,T2.accept,3.7,,,,,,,
shop,K,5,2,T3.exec,39.4,15512,,97320,2893,0,pass,
shop,K,5,2,T3.accept,3.7,,,,,,,
shop,K,5,2,T4.exec,22.5,18479,,67747,390,0,pass,
shop,K,5,2,T4.accept,4.1,,,,,,,
shop,K,5,2,verify,0,,,,,,,
shop,K,5,3,plan,54.1,946,19620,290243,5856,0.19598959999999996,,
shop,K,5,3,build,201.0520164000336,,,,,,,
shop,K,5,3,T1.exec,27.8,13353,,94215,940,0,pass,
shop,K,5,3,T1.accept,0.4,,,,,,,
shop,K,5,3,T1.retry,16.8,,,,,,,
shop,K,5,3,T2.exec,17.1,136,,55855,686,0,pass,
shop,K,5,3,T2.accept,0.2,,,,,,,
shop,K,5,3,T3.exec,66.9,4392,,265011,2662,0,pass,
shop,K,5,3,T3.accept,3.6,,,,,,,
shop,K,5,3,T4.exec,37.0,21876,,126161,1069,0,pass,
shop,K,5,3,T4.accept,3.3,,,,,,,
shop,K,5,3,T5.exec,23.1,24265,,80255,364,0,pass,
shop,K,5,3,T5.accept,3.9,,,,,,,
shop,K,5,3,verify,0,,,,,,,
shop,K,5,4,plan,72.9,948,17741,311005,5882,0.19287999999999997,,
shop,K,5,4,build,44.76936629996635,,,,,,,
shop,K,5,4,rerun,201.06112730002496,,,,,,,rerun; 
shop,K,5,4,T1.exec,19.9,14085,,166030,1202,0,pass,
shop,K,5,4,T1.accept,0.5,,,,,,,
shop,K,5,4,T1.retry,43.1,,,,,,,
shop,K,5,4,T2.exec,30.7,8048,,110753,1258,0,pass,
shop,K,5,4,T2.accept,3.9,,,,,,,
shop,K,5,4,T3.exec,44.0,24723,,163870,1658,0,pass,
shop,K,5,4,T3.accept,3.4,,,,,,,
shop,K,5,4,T4.exec,25.0,28787,,96118,979,0,pass,
shop,K,5,4,T4.accept,4.5,,,,,,,
shop,K,5,4,T5.exec,21.2,10969,,119585,388,0,pass,
shop,K,5,4,T5.accept,3.7,,,,,,,
shop,K,5,4,verify,0,,,,,,,
shop,K,5,5,plan,88.6,946,27724,326111,9795,0.2749692,,
shop,K,5,5,build,294.2422480999958,,,,,,,
shop,K,5,5,T1.exec,27.4,3794,,82972,1167,0,pass,
shop,K,5,5,T1.accept,0.2,,,,,,,
shop,K,5,5,T2.exec,35.0,16949,,130028,1210,0,pass,
shop,K,5,5,T2.accept,3.7,,,,,,,
shop,K,5,5,T3.exec,54.5,8401,,205378,3146,0,pass,
shop,K,5,5,T3.accept,3.6,,,,,,,
shop,K,5,5,T4.exec,30.2,1726,,169707,1557,0,pass,
shop,K,5,5,T4.accept,3.7,,,,,,,
shop,K,5,5,T5.exec,57.1,34639,,299922,3793,0,pass,
shop,K,5,5,T5.accept,3.6,,,,,,,
shop,K,5,5,T6.exec,42.7,42595,,317529,1285,0,pass,
shop,K,5,5,T6.accept,3.5,,,,,,,
shop,K,5,5,T7.exec,23.8,17376,,219105,454,0,pass,
shop,K,5,5,T7.accept,3.9,,,,,,,
shop,K,5,5,verify,0,,,,,,,
shop,K,5,6,plan,262.8,956,29707,504815,12014,0.340852,,
shop,K,5,6,build,204.44747759995516,,,,,,,
shop,K,5,6,T1.exec,45.0,4977,,117255,2037,0,pass,
shop,K,5,6,T1.accept,0.4,,,,,,,
shop,K,5,6,T2.exec,33.2,16006,,110384,571,0,pass,
shop,K,5,6,T2.accept,5.0,,,,,,,
shop,K,5,6,T3.exec,34.3,18223,,85700,1055,0,pass,
shop,K,5,6,T3.accept,5.1,,,,,,,
shop,K,5,6,T4.exec,35.6,24669,,135755,1672,0,pass,
shop,K,5,6,T4.accept,5.0,,,,,,,
shop,K,5,6,T5.exec,34.1,29069,,156283,571,0,pass,
shop,K,5,6,T5.accept,5.4,,,,,,,
shop,K,5,6,verify,0,,,,,,,
shop,J0,3,1,plan,86.4,942,68502,446669,8227,0.3754408,,
shop,J0,3,1,build,97.23437219997868,,,,,,,
shop,J0,3,1,T1.exec,40.8,10032,,53124,756,0,pass,
shop,J0,3,1,T1.accept,5.7,,,,,,,
shop,J0,3,1,T2.exec,28.3,14995,,91767,1735,0,fail,
shop,J0,3,1,T2.accept,0.7,,,,,,,
shop,J0,3,1,T2.retry,19.9,,,,,,,
shop,J0,3,1,verify,152.2,22,10500,634246,5176,0.22065320000000002,,
shop,J0,3,2,plan,207.6,62,42150,1248990,20868,0.5725914999999999,,
shop,J0,3,2,build,189.6606308000628,,,,,,,
shop,J0,3,2,T1.exec,30.8,10780,,78416,1137,0,pass,
shop,J0,3,2,T1.accept,0.4,,,,,,,
shop,J0,3,2,T2.exec,37.3,14286,,119033,1322,0,pass,
shop,J0,3,2,T2.accept,4.9,,,,,,,
shop,J0,3,2,T3.exec,46.2,18457,,109841,3912,0,pass,
shop,J0,3,2,T3.accept,5.5,,,,,,,
shop,J0,3,2,T4.exec,51.6,22586,,77510,352,0,pass,
shop,J0,3,2,T4.accept,12.0,,,,,,,
shop,J0,3,2,verify,13.7,8,1470,278722,683,0.06847040000000001,,
shop,J0,3,3,plan,263.0,42,55271,987328,29057,0.6392796000000002,,
shop,J0,3,3,build,90.1824137000367,,,,,,,
shop,J0,3,3,T1.exec,24.6,9062,,44887,546,0,pass,
shop,J0,3,3,T1.accept,0.5,,,,,,,
shop,J0,3,3,T2.exec,56.3,27508,,77115,2053,0,fail,
shop,J0,3,3,T2.accept,8.1,,,,,,,
shop,J0,3,3,verify,304.0,40,17682,1798238,7455,0.5050056,,
shop,J0,3,4,plan,308.0,66,63670,2327012,19531,0.8440044,,
shop,J0,3,4,build,0.23936470004264265,,,,,,,
shop,J0,3,4,T1.exec,25.2,8723,,45924,445,0,pass,
shop,J0,3,4,T1.accept,0.5,,,,,,,
shop,J0,3,4,T2.exec,33.2,3297,,72238,978,0,pass,
shop,J0,3,4,T2.accept,7.1,,,,,,,
shop,J0,3,4,T3.exec,40.8,7598,,105863,3235,0,pass,
shop,J0,3,4,T3.accept,0.2,,,,,,,
shop,J0,3,4,T4.exec,31.9,377,,66640,242,0,pass,
shop,J0,3,4,T4.accept,13.1,,,,,,,
shop,J0,3,4,verify,8.6,4,823,225393,338,0.0517586,,
shop,J0,3,5,plan,297.6,52,84383,1748870,34759,0.935763,,
shop,J0,3,5,build,445.3872386000585,,,,,,,
shop,J0,3,5,T1.exec,20.9,3778,,55697,396,0,pass,
shop,J0,3,5,T1.accept,0.4,,,,,,,
shop,J0,3,5,T2.exec,46.7,12963,,100228,2591,0,pass,
shop,J0,3,5,T2.accept,9.1,,,,,,,
shop,J0,3,5,T3.exec,80.8,9112,,243180,3641,0,pass,
shop,J0,3,5,T3.accept,11.5,,,,,,,
shop,J0,3,5,T4.exec,44.0,216,,138126,1257,0,pass,
shop,J0,3,5,T4.accept,15.1,,,,,,,
shop,J0,3,5,T5.exec,102.7,18540,,773192,6930,0,pass,
shop,J0,3,5,T5.accept,0.2,,,,,,,
shop,J0,3,5,T6.exec,43.6,56256,,472809,1783,0,pass,
shop,J0,3,5,T6.accept,0.2,,,,,,,
shop,J0,3,5,T7.exec,53.3,4761,,297529,423,0,pass,
shop,J0,3,5,T7.accept,15.1,,,,,,,
shop,J0,3,5,verify,12.6,6,3397,396079,593,0.0987458,,
shop,J0,3,6,plan,220.0,42,74195,1545915,24323,0.7531014999999999,,
shop,J0,3,6,build,247.40009549993556,,,,,,,
shop,J0,3,6,T1.exec,39.6,13045,,87155,1394,0,pass,
shop,J0,3,6,T1.accept,0.5,,,,,,,
shop,J0,3,6,T2.exec,39.5,19139,,128147,799,0,pass,
shop,J0,3,6,T2.accept,6.5,,,,,,,
shop,J0,3,6,T3.exec,151.3,71696,,431249,4736,0,fail,
shop,J0,3,6,T3.accept,9.0,,,,,,,
shop,J0,3,6,verify,183.3,10,3482,733134,1818,0.17875480000000002,,
